{
  "movies": [
    {"Title":"House of Cards","Year":"2013–","Rated":"TV-MA","Released":"01 Feb 2013","Runtime":"55 min","Genre":"Drama","Director":"N/A","Writer":"N/A","Actors":"Kevin Spacey, Robin Wright, Michael Kelly, Nathan Darrow","Plot":"A Congressman works with his equally conniving wife to exact revenge on the people who betrayed him.","Language":"English","Country":"USA","Awards":"Won 2 Golden Globes. Another 12 wins & 87 nominations.","Poster":"1.jpg","Metascore":"N/A","imdbRating":"9.1","imdbVotes":"195,794","imdbID":"tt1856010","Type":"series","Response":"True"},
    {"Title":"Daredevil","Year":"2015–","Rated":"N/A","Released":"10 Apr 2015","Runtime":"60 min","Genre":"Action, Sci-Fi","Director":"N/A","Writer":"Drew Goddard","Actors":"Charlie Cox, Deborah Ann Woll, Elden Henson, Rosario Dawson","Plot":"A blind lawyer with his other senses superhumanly enhanced fights crime as a costumed superhero.","Language":"English","Country":"USA","Awards":"N/A","Poster":"2.jpg","Metascore":"N/A","imdbRating":"9.5","imdbVotes":"6,765","imdbID":"tt3322312","Type":"series","Response":"True"},
    {"Title":"Orange Is the New Black","Year":"2013–","Rated":"TV-MA","Released":"11 Jul 2013","Runtime":"55 min","Genre":"Comedy, Crime, Drama","Director":"N/A","Writer":"Jenji Kohan","Actors":"Taylor Schilling, Michael Harney, Kate Mulgrew, Natasha Lyonne","Plot":"The story of Piper Chapman, a woman in her thirties who is sentenced to fifteen months in prison after being convicted of a decade-old crime of transporting money for her drug-dealing girlfriend.","Language":"English","Country":"USA","Awards":"Nominated for 4 Golden Globes. Another 30 wins & 49 nominations.","Poster":"3.jpg","Metascore":"N/A","imdbRating":"8.5","imdbVotes":"120,899","imdbID":"tt2372162","Type":"series","Response":"True"},
    {"Title":"Arrested Development","Year":"2003–","Rated":"TV-PG","Released":"02 Nov 2003","Runtime":"22 min","Genre":"Comedy","Director":"N/A","Writer":"Mitchell Hurwitz","Actors":"Jason Bateman, Portia de Rossi, Will Arnett, Michael Cera","Plot":"Level-headed son Michael Bluth takes over family affairs after his father is imprisoned. But the rest of his spoiled, dysfunctional family are making his job unbearable.","Language":"English","Country":"USA","Awards":"Won 1 Golden Globe. Another 34 wins & 63 nominations.","Poster":"4.jpg","Metascore":"N/A","imdbRating":"9.1","imdbVotes":"179,966","imdbID":"tt0367279","Type":"series","Response":"True"},
    {"Title":"Unbreakable Kimmy Schmidt","Year":"2015–","Rated":"TV-14","Released":"06 Mar 2015","Runtime":"30 min","Genre":"Comedy","Director":"N/A","Writer":"Robert Carlock, Tina Fey","Actors":"Ellie Kemper, Jane Krakowski, Tituss Burgess, Carol Kane","Plot":"A woman is rescued from a doomsday cult and starts life over again in New York City.","Language":"English","Country":"USA","Awards":"N/A","Poster":"5.jpg","Metascore":"N/A","imdbRating":"8.3","imdbVotes":"11,762","imdbID":"tt3339966","Type":"series","Response":"True"},
    {"Title":"Marco Polo","Year":"2014–","Rated":"TV-MA","Released":"12 Dec 2014","Runtime":"60 min","Genre":"Adventure","Director":"N/A","Writer":"John Fusco","Actors":"Lorenzo Richelmy, Benedict Wong, Joan Chen, Remy Hii","Plot":"In a world replete with greed, betrayal, sexual intrigue and rivalry, \"Marco Polo\" is based on the famed explorer's adventures in Kublai Khan's court in 13th century China.","Language":"English","Country":"USA","Awards":"N/A","Poster":"6.jpg","Metascore":"N/A","imdbRating":"8.2","imdbVotes":"19,366","imdbID":"tt2189461","Type":"series","Response":"True"},
    {"Title":"Bloodline","Year":"2015–","Rated":"TV-MA","Released":"20 Mar 2015","Runtime":"60 min","Genre":"Drama, Thriller","Director":"N/A","Writer":"Glenn Kessler, Todd A. Kessler, Daniel Zelman","Actors":"Linda Cardellini, Kyle Chandler, Ben Mendelsohn, Enrique Murciano","Plot":"A family of adult siblings find that their secrets and scars are revealed when their black sheep of a brother returns home.","Language":"English","Country":"USA","Awards":"N/A","Poster":"7.jpg","Metascore":"N/A","imdbRating":"8.4","imdbVotes":"1,343","imdbID":"tt3520702","Type":"series","Response":"True"},
    {"Title":"BoJack Horseman","Year":"2014–","Rated":"TV-MA","Released":"22 Aug 2014","Runtime":"25 min","Genre":"Animation, Comedy","Director":"N/A","Writer":"Raphael Bob-Waksberg","Actors":"Will Arnett, Amy Sedaris, Alison Brie, Aaron Paul","Plot":"Meet the most beloved sitcom horse of the '90s - 20 years later. BoJack Horseman was the star of the hit TV show \"Horsin' Around,\" but today he's washed up, living in Hollywood, complaining about everything, and wearing colorful sweaters.","Language":"English","Country":"USA","Awards":"N/A","Poster":"8.jpg","Metascore":"N/A","imdbRating":"8.2","imdbVotes":"8,889","imdbID":"tt3398228","Type":"series","Response":"True"},
    {"Title":"Hemlock Grove","Year":"2013–","Rated":"TV-MA","Released":"19 Apr 2013","Runtime":"46 min","Genre":"Horror, Mystery, Thriller","Director":"N/A","Writer":"Brian McGreevy, Lee Shipman","Actors":"Landon Liboiron, Famke Janssen, Bill Skarsgård, Joel de la Fuente","Plot":"A teenage girl is brutally murdered, sparking a hunt for her killer. But in a town where everyone hides a secret, will they find the monster among them?","Language":"English","Country":"USA","Awards":"Nominated for 2 Primetime Emmys. Another 2 nominations.","Poster":"9.jpg","Metascore":"N/A","imdbRating":"7.4","imdbVotes":"23,193","imdbID":"tt2309295","Type":"series","Response":"True"},
    {"Title":"The Killing","Year":"2011–","Rated":"TV-14","Released":"03 Apr 2011","Runtime":"45 min","Genre":"Crime, Drama, Mystery","Director":"N/A","Writer":"Veena Sud","Actors":"Mireille Enos, Joel Kinnaman, Billy Campbell, Liam James","Plot":"A police investigation, the saga of a grieving family, and a Seattle mayoral campaign all interlock after the body of 17-year-old Rosie Larsen is found in the trunk of a submerged car.","Language":"English, Persian","Country":"USA, Canada","Awards":"Nominated for 1 Golden Globe. Another 3 wins & 27 nominations.","Poster":"10.jpg","Metascore":"N/A","imdbRating":"8.2","imdbVotes":"55,414","imdbID":"tt1637727","Type":"series","Response":"True"}
  ]
}
